material_id,formula,bandgap,elements,num_elements
mp-1183115,AcAlO3,4.1024,"[Element Ac, Element Al, Element O]",3
mp-1183052,AcBO3,0.8071,"[Element Ac, Element B, Element O]",3
mp-30274,AcBrO,4.241,"[Element Ac, Element Br, Element O]",3
mp-30273,AcClO,4.4451,"[Element Ac, Element Cl, Element O]",3
mp-866101,AcCrO3,2.0031,"[Element Ac, Element Cr, Element O]",3
mp-861502,AcFeO3,0.9887999999999991,"[Element Ac, Element Fe, Element O]",3
mp-1183053,AcGaO3,2.895900000000001,"[Element Ac, Element Ga, Element O]",3
mp-861884,AcGaTe2,0.49099999999999905,"[Element Ac, Element Ga, Element Te]",3
mp-861460,AcInTe2,0.3799,"[Element Ac, Element In, Element Te]",3
mp-36526,AcOF,4.256600000000001,"[Element Ac, Element F, Element O]",3
mp-1183152,AcScO3,3.3847,"[Element Ac, Element O, Element Sc]",3
mp-865028,AcTlTe2,0.6253000000000001,"[Element Ac, Element Te, Element Tl]",3
mp-18125,Ag(AuF4)2,0.258499999999999,"[Element Ag, Element Au, Element F]",3
mp-567334,Ag(BCl)6,2.7028,"[Element Ag, Element B, Element Cl]",3
mp-600237,Ag(CO)2,0.737499999999999,"[Element Ag, Element C, Element O]",3
mp-654937,Ag(CO)2,0.7248000000000001,"[Element Ag, Element C, Element O]",3
mp-732005,Ag(NO2)3,0.16560000000000002,"[Element Ag, Element N, Element O]",3
mp-568386,Ag10Te4Br3,0.9637000000000001,"[Element Ag, Element Br, Element Te]",3
mp-568392,Ag10Te4Br3,0.8722000000000001,"[Element Ag, Element Br, Element Te]",3
mp-1215080,Ag12SBr,0.394499999999999,"[Element Ag, Element Br, Element S]",3
mp-1215073,Ag12SI,0.40240000000000004,"[Element Ag, Element I, Element S]",3
mp-1245378,Ag15W7N19,0.9837,"[Element Ag, Element N, Element W]",3
mp-1205258,Ag2(MoO4)3,0.9809,"[Element Ag, Element Mo, Element O]",3
mp-1197575,Ag2AsS2,0.533399999999999,"[Element Ag, Element As, Element S]",3
mp-1247866,Ag2B8O13,2.9324,"[Element Ag, Element B, Element O]",3
mp-554873,Ag2B8O13,3.4397,"[Element Ag, Element B, Element O]",3
mp-759792,Ag2B8O13,2.858,"[Element Ag, Element B, Element O]",3
mp-851575,Ag2B8O13,0.414099999999999,"[Element Ag, Element B, Element O]",3
mp-23558,Ag2BiO3,0.38720000000000004,"[Element Ag, Element Bi, Element O]",3
mp-561113,Ag2BiO3,0.5053000000000001,"[Element Ag, Element Bi, Element O]",3
mp-574486,Ag2CN2,1.0037,"[Element Ag, Element C, Element N]",3
mp-1178578,Ag2CO3,0.449999999999999,"[Element Ag, Element C, Element O]",3
mp-4691,Ag2CO3,0.4736,"[Element Ag, Element C, Element O]",3
mp-560717,Ag2CO3,0.7489999999999991,"[Element Ag, Element C, Element O]",3
mp-676581,Ag2CO3,0.746,"[Element Ag, Element C, Element O]",3
mp-554988,Ag2Ge2O5,1.0401,"[Element Ag, Element Ge, Element O]",3
mp-983589,Ag2GeO3,0.2116,"[Element Ag, Element Ge, Element O]",3
mp-9900,Ag2GeS3,0.4646,"[Element Ag, Element Ge, Element S]",3
mp-778019,Ag2H16O9,2.5301,"[Element Ag, Element H, Element O]",3
mp-1229122,Ag2HgI4,1.276399999999999,"[Element Ag, Element Hg, Element I]",3
mp-23485,Ag2HgI4,1.2219,"[Element Ag, Element Hg, Element I]",3
mp-570256,Ag2HgI4,1.100399999999999,"[Element Ag, Element Hg, Element I]",3
mp-29816,Ag2HgO2,0.41029999999999905,"[Element Ag, Element Hg, Element O]",3
mp-9635,Ag2HgS2,0.41909999999999903,"[Element Ag, Element Hg, Element S]",3
mp-27966,Ag2Mo2O7,1.9011,"[Element Ag, Element Mo, Element O]",3
mp-560276,Ag2Mo2O7,2.0118,"[Element Ag, Element Mo, Element O]",3
mp-19318,Ag2MoO4,1.873099999999999,"[Element Ag, Element Mo, Element O]",3
mp-558469,Ag2PS3,1.9254,"[Element Ag, Element P, Element S]",3
mp-561822,Ag2PS3,1.440099999999999,"[Element Ag, Element P, Element S]",3
mp-13956,Ag2PSe3,1.186599999999999,"[Element Ag, Element P, Element Se]",3
mp-1229102,Ag2PbI4,0.9013999999999991,"[Element Ag, Element I, Element Pb]",3
mp-20210,Ag2PbO2,1.3818000000000001,"[Element Ag, Element O, Element Pb]",3
mp-28557,Ag2PdCl4,0.9506000000000001,"[Element Ag, Element Cl, Element Pd]",3
mp-1192057,Ag2S2O7,2.301599999999999,"[Element Ag, Element O, Element S]",3
mp-30982,Ag2SO3,2.3467000000000002,"[Element Ag, Element O, Element S]",3
mp-5625,Ag2SO4,1.2289,"[Element Ag, Element O, Element S]",3
mp-660503,Ag2SO4,1.321,"[Element Ag, Element O, Element S]",3
mp-1215036,Ag2SeO2,0.15400000000000003,"[Element Ag, Element O, Element Se]",3
mp-16913,Ag2SeO3,1.7022,"[Element Ag, Element O, Element Se]",3
mp-2748718,Ag2SeO3,2.093499999999999,"[Element Ag, Element O, Element Se]",3
mp-11641,Ag2SeO4,0.42639999999999906,"[Element Ag, Element O, Element Se]",3
mp-663172,Ag2SeO4,0.48150000000000004,"[Element Ag, Element O, Element Se]",3
mp-680202,Ag2SnO3,0.1452,"[Element Ag, Element O, Element Sn]",3
mp-561380,Ag2Te4O11,1.1402,"[Element Ag, Element O, Element Te]",3
mp-18068,Ag2TeO3,1.627299999999999,"[Element Ag, Element O, Element Te]",3
mp-1183014,Ag2TeO6,0.28080000000000005,"[Element Ag, Element O, Element Te]",3
mp-29163,Ag2TeS3,1.2999,"[Element Ag, Element S, Element Te]",3
mp-32537,Ag2W2O7,1.9614,"[Element Ag, Element O, Element W]",3
mp-504466,Ag2WO4,2.0439,"[Element Ag, Element O, Element W]",3
mp-637188,Ag2WO4,1.7809,"[Element Ag, Element O, Element W]",3
mp-990091,Ag2WS4,1.098999999999999,"[Element Ag, Element S, Element W]",3
mp-2749579,Ag3AsF12,0.153999999999999,"[Element Ag, Element As, Element F]",3
mp-4431,Ag3AsS3,1.177099999999999,"[Element Ag, Element As, Element S]",3
mp-555843,Ag3AsS3,1.6989,"[Element Ag, Element As, Element S]",3
mp-561620,Ag3AsS3,1.627799999999999,"[Element Ag, Element As, Element S]",3
mp-9538,Ag3AsS4,0.35760000000000003,"[Element Ag, Element As, Element S]",3
mp-5145,Ag3AsSe3,0.845299999999999,"[Element Ag, Element As, Element Se]",3
mp-662599,Ag3AsSe3,0.9037000000000001,"[Element Ag, Element As, Element Se]",3
mp-27554,Ag3AuS2,0.18029999999999902,"[Element Ag, Element Au, Element S]",3
mp-34460,Ag3AuS2,1.563399999999999,"[Element Ag, Element Au, Element S]",3
mp-34982,Ag3AuS2,0.39320000000000005,"[Element Ag, Element Au, Element S]",3
mp-1194638,Ag3B5O9,1.8021,"[Element Ag, Element B, Element O]",3
mp-561550,Ag3BO3,0.8717,"[Element Ag, Element B, Element O]",3
mp-1229165,Ag3Bi7S12,0.6774999999999991,"[Element Ag, Element Bi, Element S]",3
mp-505145,Ag3BiO3,1.546999999999999,"[Element Ag, Element Bi, Element O]",3
mp-17862,Ag3Ge5P6,0.5388000000000001,"[Element Ag, Element Ge, Element P]",3
mp-562667,Ag3N5O6,2.1573,"[Element Ag, Element N, Element O]",3
mp-1229128,Ag3PO4,0.42099999999999904,"[Element Ag, Element O, Element P]",3
mp-4198,Ag3PO4,0.17849999999999902,"[Element Ag, Element O, Element P]",3
mp-12459,Ag3PS4,0.9914000000000001,"[Element Ag, Element P, Element S]",3
mp-30908,Ag3PSe4,0.174399999999999,"[Element Ag, Element P, Element Se]",3
mp-1105645,Ag3SBr,0.2964,"[Element Ag, Element Br, Element S]",3
mp-1229116,Ag3SBr,0.39870000000000005,"[Element Ag, Element Br, Element S]",3
mp-36600,Ag3SBr,0.39769999999999905,"[Element Ag, Element Br, Element S]",3
mp-1173025,Ag3SI,0.33980000000000005,"[Element Ag, Element I, Element S]",3
mp-22995,Ag3SI,0.5478000000000001,"[Element Ag, Element I, Element S]",3
mp-558189,Ag3SI,0.6242999999999991,"[Element Ag, Element I, Element S]",3
mp-632480,Ag3SI,0.167599999999999,"[Element Ag, Element I, Element S]",3
mp-673825,Ag3SI,0.256999999999999,"[Element Ag, Element I, Element S]",3
mp-674981,Ag3SI,0.262399999999999,"[Element Ag, Element I, Element S]",3
mp-675879,Ag3SI,0.32160000000000005,"[Element Ag, Element I, Element S]",3
mp-676121,Ag3SI,0.373899999999999,"[Element Ag, Element I, Element S]",3
mp-676561,Ag3SI,0.333,"[Element Ag, Element I, Element S]",3
mp-1215087,Ag3SI3,0.279999999999999,"[Element Ag, Element I, Element S]",3
mp-1215096,Ag3SI3,0.36599999999999905,"[Element Ag, Element I, Element S]",3
mp-1104271,Ag3SbS3,1.8371,"[Element Ag, Element S, Element Sb]",3
mp-4515,Ag3SbS3,0.9521000000000001,"[Element Ag, Element S, Element Sb]",3
mp-555269,Ag3SbS3,1.5142,"[Element Ag, Element S, Element Sb]",3
mp-1215084,Ag3SbTe6,0.1705,"[Element Ag, Element Sb, Element Te]",3
mp-29849,Ag3SnP7,0.5034000000000001,"[Element Ag, Element P, Element Sn]",3
mp-5710,Ag3Te2Au,0.17250000000000001,"[Element Ag, Element Au, Element Te]",3
mp-28996,Ag4Bi2O5,1.7207999999999992,"[Element Ag, Element Bi, Element O]",3
mp-27482,Ag4P2S7,1.6556000000000002,"[Element Ag, Element P, Element S]",3
mp-1195808,Ag4Sn3S8,0.22930000000000003,"[Element Ag, Element S, Element Sn]",3
mp-1247859,Ag5Au3S4,0.9308999999999991,"[Element Ag, Element Au, Element S]",3
mp-1247860,Ag5Au3S4,1.0997,"[Element Ag, Element Au, Element S]",3
mp-28812,Ag5BiO4,1.5002,"[Element Ag, Element Bi, Element O]",3
mp-29536,Ag5CF4,1.9781,"[Element Ag, Element C, Element F]",3
mp-5563,Ag5GeO4,0.7290999999999991,"[Element Ag, Element Ge, Element O]",3
mp-4004,Ag5SbS4,0.5945,"[Element Ag, Element S, Element Sb]",3
mp-1215016,Ag5Te2Br,0.20789999999999903,"[Element Ag, Element Br, Element Te]",3
mp-569467,Ag5Te2Cl,0.23160000000000003,"[Element Ag, Element Cl, Element Te]",3
mp-573465,Ag5Te2Cl,0.198499999999999,"[Element Ag, Element Cl, Element Te]",3
mp-1205440,Ag6Mo10O33,1.8778000000000001,"[Element Ag, Element Mo, Element O]",3
mp-504579,Ag6Mo10O33,2.051,"[Element Ag, Element Mo, Element O]",3
mp-1229161,Ag6P6O19,0.42760000000000004,"[Element Ag, Element O, Element P]",3
mp-15077,Ag7AsS6,0.7299000000000001,"[Element Ag, Element As, Element S]",3
mp-683910,Ag7P3S11,1.455899999999999,"[Element Ag, Element P, Element S]",3
mp-1197032,Ag7PS6,0.9116000000000001,"[Element Ag, Element P, Element S]",3
mp-8594,Ag7PSe6,0.7841,"[Element Ag, Element P, Element Se]",3
mp-766328,Ag7Sb9O25,0.39829999999999904,"[Element Ag, Element O, Element Sb]",3
mp-679950,Ag8Ge3O10,0.2621,"[Element Ag, Element Ge, Element O]",3
mp-9770,Ag8GeS6,0.6102000000000001,"[Element Ag, Element Ge, Element S]",3
mp-676799,Ag8GeTe6,0.10110000000000001,"[Element Ag, Element Ge, Element Te]",3
mp-15645,Ag8SnS6,0.535099999999999,"[Element Ag, Element S, Element Sn]",3
mp-651048,Ag9(BiO3)2,0.5601,"[Element Ag, Element Bi, Element O]",3
mp-2646989,AgAsBr4,1.0937000000000001,"[Element Ag, Element As, Element Br]",3
mp-37153,AgAsF6,1.6805999999999992,"[Element Ag, Element As, Element F]",3
mp-997022,AgAsO2,2.3783,"[Element Ag, Element As, Element O]",3
mp-1178563,AgAsO3,0.2921,"[Element Ag, Element As, Element O]",3
mp-558950,AgAsO3,0.5930000000000001,"[Element Ag, Element As, Element O]",3
mp-775767,AgAsO3,0.7378,"[Element Ag, Element As, Element O]",3
mp-13740,AgAsS2,1.4968,"[Element Ag, Element As, Element S]",3
mp-542609,AgAsS2,1.577699999999999,"[Element Ag, Element As, Element S]",3
mp-570340,AgAuCl4,0.8406,"[Element Ag, Element Au, Element Cl]",3
mp-16060,AgAuF4,1.0268,"[Element Ag, Element Au, Element F]",3
mp-996983,AgAuO2,0.6522999999999991,"[Element Ag, Element Au, Element O]",3
mp-776165,AgAuO3,0.24230000000000002,"[Element Ag, Element Au, Element O]",3
mp-37920,AgAuS2,0.2197,"[Element Ag, Element Au, Element S]",3
mp-1194753,AgB3O5,2.3274,"[Element Ag, Element B, Element O]",3
mp-12021,AgBF4,3.157,"[Element Ag, Element B, Element F]",3
mp-559803,AgBO2,1.285299999999999,"[Element Ag, Element B, Element O]",3
mp-28965,AgBi2F12,0.3971,"[Element Ag, Element Bi, Element F]",3
mp-23474,AgBi3S5,0.5262,"[Element Ag, Element Bi, Element S]",3
mp-35909,AgBiI4,1.0457,"[Element Ag, Element Bi, Element I]",3
mp-996965,AgBiO2,0.7818,"[Element Ag, Element Bi, Element O]",3
mp-996968,AgBiO2,1.6897,"[Element Ag, Element Bi, Element O]",3
mp-996969,AgBiO2,1.4247,"[Element Ag, Element Bi, Element O]",3
mp-996970,AgBiO2,1.2491,"[Element Ag, Element Bi, Element O]",3
mp-996982,AgBiO2,0.956399999999999,"[Element Ag, Element Bi, Element O]",3
mp-1172905,AgBiS2,0.491799999999999,"[Element Ag, Element Bi, Element S]",3
mp-1173060,AgBiS2,0.23040000000000002,"[Element Ag, Element Bi, Element S]",3
mp-29678,AgBiS2,0.5212,"[Element Ag, Element Bi, Element S]",3
mp-675977,AgBiS2,0.316899999999999,"[Element Ag, Element Bi, Element S]",3
mp-1183002,AgBiSe2,0.26180000000000003,"[Element Ag, Element Bi, Element Se]",3
mp-27916,AgBiSe2,0.23409999999999903,"[Element Ag, Element Bi, Element Se]",3
mp-997048,AgBrO2,0.2785,"[Element Ag, Element Br, Element O]",3
mp-1178562,AgBrO3,2.383,"[Element Ag, Element Br, Element O]",3
mp-755991,AgBrO4,0.9302999999999991,"[Element Ag, Element Br, Element O]",3
mp-756139,AgBrO4,0.6649,"[Element Ag, Element Br, Element O]",3
mp-756342,AgBrO4,0.8743000000000001,"[Element Ag, Element Br, Element O]",3
mp-1182983,AgC2N3,0.5987,"[Element Ag, Element C, Element N]",3
mp-1182994,AgC2N3,2.3612,"[Element Ag, Element C, Element N]",3
mp-567459,AgC2N3,3.7361,"[Element Ag, Element C, Element N]",3
mp-616521,AgC2N3,3.577499999999999,"[Element Ag, Element C, Element N]",3
mp-29672,AgC4N3,3.4634,"[Element Ag, Element C, Element N]",3
mp-9519,AgCN,3.6601,"[Element Ag, Element C, Element N]",3
mp-1182953,AgCO2,1.976,"[Element Ag, Element C, Element O]",3
mp-5282,AgCO2,2.3498,"[Element Ag, Element C, Element O]",3
mp-1079156,AgClO2,0.9151,"[Element Ag, Element Cl, Element O]",3
mp-22959,AgClO2,0.9630000000000001,"[Element Ag, Element Cl, Element O]",3
mp-552169,AgClO2,0.911899999999999,"[Element Ag, Element Cl, Element O]",3
mp-997016,AgClO2,0.864699999999999,"[Element Ag, Element Cl, Element O]",3
mp-1178561,AgClO3,2.7117,"[Element Ag, Element Cl, Element O]",3
mp-27941,AgClO3,2.3983,"[Element Ag, Element Cl, Element O]",3
mp-775761,AgClO3,3.1001,"[Element Ag, Element Cl, Element O]",3
mp-776199,AgClO3,3.113099999999999,"[Element Ag, Element Cl, Element O]",3
mp-1101933,AgClO4,2.8481,"[Element Ag, Element Cl, Element O]",3
mp-1191267,AgClO4,2.6793,"[Element Ag, Element Cl, Element O]",3
mp-22993,AgClO4,2.3558,"[Element Ag, Element Cl, Element O]",3
mp-2903321,AgClO4,3.2945,"[Element Ag, Element Cl, Element O]",3
mp-551758,AgClO4,2.3744,"[Element Ag, Element Cl, Element O]",3
mp-1245460,AgGe2N3,0.5654,"[Element Ag, Element Ge, Element N]",3
mp-1246590,AgGe2N3,0.746599999999999,"[Element Ag, Element Ge, Element N]",3
mp-769355,AgH3O2,1.396399999999999,"[Element Ag, Element H, Element O]",3
mp-769295,AgH8O5,0.291799999999999,"[Element Ag, Element H, Element O]",3
mp-769296,AgH9O5,2.4145,"[Element Ag, Element H, Element O]",3
mp-1194592,AgI3O8,2.2937,"[Element Ag, Element I, Element O]",3
mp-1195485,AgI3O8,2.279,"[Element Ag, Element I, Element O]",3
mp-1202188,AgIO3,1.806899999999999,"[Element Ag, Element I, Element O]",3
mp-27384,AgIO3,2.4375,"[Element Ag, Element I, Element O]",3
mp-849271,AgIO3,1.9765000000000001,"[Element Ag, Element I, Element O]",3
mp-30037,AgIO4,0.11079999999999901,"[Element Ag, Element I, Element O]",3
mp-680482,AgMo6Br13,2.0242,"[Element Ag, Element Br, Element Mo]",3
mp-1214988,AgMo6Cl13,2.3227,"[Element Ag, Element Cl, Element Mo]",3
mp-644729,AgN3O4,1.979299999999999,"[Element Ag, Element N, Element O]",3
mp-5770,AgNO2,1.7868,"[Element Ag, Element N, Element O]",3
mp-996960,AgNO2,1.4382000000000001,"[Element Ag, Element N, Element O]",3
mp-552185,AgNO3,1.853899999999999,"[Element Ag, Element N, Element O]",3
mp-638686,AgNO3,2.008899999999999,"[Element Ag, Element N, Element O]",3
mp-669466,AgNO3,2.0027,"[Element Ag, Element N, Element O]",3
mp-8196,AgNO3,1.7204000000000002,"[Element Ag, Element N, Element O]",3
mp-997028,AgO2F,0.49610000000000004,"[Element Ag, Element F, Element O]",3
mp-34418,AgPF6,3.2361,"[Element Ag, Element F, Element P]",3
mp-18702,AgPO3,2.0232,"[Element Ag, Element O, Element P]",3
mp-775762,AgPO3,2.287,"[Element Ag, Element O, Element P]",3
mp-5470,AgPS3,1.3228,"[Element Ag, Element P, Element S]",3
mp-621612,AgPb2Br5,1.9341,"[Element Ag, Element Br, Element Pb]",3
mp-1206101,AgPbF6,0.21799999999999903,"[Element Ag, Element F, Element Pb]",3
mp-997021,AgPbO2,0.142799999999999,"[Element Ag, Element O, Element Pb]",3
mp-1097539,AgPd2Pb,0.6372,"[Element Ag, Element Pb, Element Pd]",3
mp-997006,AgPtO2,0.38709999999999906,"[Element Ag, Element O, Element Pt]",3
mp-1018033,AgRhO2,0.621799999999999,"[Element Ag, Element O, Element Rh]",3
mp-997106,AgRhO2,0.49760000000000004,"[Element Ag, Element O, Element Rh]",3
mp-14653,AgSb2F12,0.5397999999999991,"[Element Ag, Element F, Element Sb]",3
mp-3414,AgSbF6,1.7739,"[Element Ag, Element F, Element Sb]",3
mp-1215022,AgSbO12,0.1423,"[Element Ag, Element O, Element Sb]",3
mp-545999,AgSbO3,0.133299999999999,"[Element Ag, Element O, Element Sb]",3
mp-860791,AgSbO3,0.28749999999999903,"[Element Ag, Element O, Element Sb]",3
mp-1182950,AgSbS2,1.744799999999999,"[Element Ag, Element S, Element Sb]",3
mp-1205392,AgSbS2,1.312699999999999,"[Element Ag, Element S, Element Sb]",3
mp-3922,AgSbS2,1.3716,"[Element Ag, Element S, Element Sb]",3
mp-627601,AgSbS2,1.6047,"[Element Ag, Element S, Element Sb]",3
mp-569052,AgSe3I,1.396399999999999,"[Element Ag, Element I, Element Se]",3
mp-10809,AgSnF6,0.405599999999999,"[Element Ag, Element F, Element Sn]",3
mp-990257,AgSnF6,0.2576,"[Element Ag, Element F, Element Sn]",3
mp-1096381,AgSnPd2,0.8147000000000001,"[Element Ag, Element Pd, Element Sn]",3
mp-570431,AgTe3I,1.0025,"[Element Ag, Element I, Element Te]",3
mp-558637,AgTeO3,1.6662,"[Element Ag, Element O, Element Te]",3
mp-559257,AgTeO3,1.5732,"[Element Ag, Element O, Element Te]",3
mp-561489,AgTeO3,1.1676,"[Element Ag, Element O, Element Te]",3
mp-29718,AgW3Br7,2.6891,"[Element Ag, Element Br, Element W]",3
mp-28586,AgXeF9,1.2006000000000001,"[Element Ag, Element F, Element Xe]",3
mp-675325,Al(Ag3S2)3,0.9488000000000001,"[Element Ag, Element Al, Element S]",3
mp-569787,Al(BH4)3,6.3335,"[Element Al, Element B, Element H]",3
mp-1198361,Al(BiCl)4,1.4598,"[Element Al, Element Bi, Element Cl]",3
mp-1262087,Al(BiO3)3,0.19010000000000002,"[Element Al, Element Bi, Element O]",3
mp-1245920,Al(C2N3)3,3.982699999999999,"[Element Al, Element C, Element N]",3
mp-1229076,Al(CN)3,5.111499999999999,"[Element Al, Element C, Element N]",3
mp-35327,Al(CN)3,5.0623,"[Element Al, Element C, Element N]",3
mp-1183009,Al(ClO2)3,0.31960000000000005,"[Element Al, Element Cl, Element O]",3
mp-1188939,Al(ClO2)3,2.5052,"[Element Al, Element Cl, Element O]",3
mp-1293197,Al(FeO2)2,1.0647,"[Element Al, Element Fe, Element O]",3
mp-1048821,Al(FeO2)3,1.3122999999999991,"[Element Al, Element Fe, Element O]",3
mp-1182949,Al(HO)3,4.8485,"[Element Al, Element H, Element O]",3
mp-1193404,Al(HO)3,5.7600999999999996,"[Element Al, Element H, Element O]",3
mp-27540,Al(HO)3,5.009,"[Element Al, Element H, Element O]",3
mp-37836,Al(HO)3,4.9076,"[Element Al, Element H, Element O]",3
mp-554002,Al(HO)3,5.0615,"[Element Al, Element H, Element O]",3
mp-554883,Al(HO)3,4.9269,"[Element Al, Element H, Element O]",3
mp-555462,Al(HO)3,5.2535,"[Element Al, Element H, Element O]",3
mp-560196,Al(HO)3,5.2187,"[Element Al, Element H, Element O]",3
mp-560572,Al(HO)3,5.2041,"[Element Al, Element H, Element O]",3
mp-625316,Al(HO)3,4.9764,"[Element Al, Element H, Element O]",3
mp-625318,Al(HO)3,5.2193,"[Element Al, Element H, Element O]",3
mp-625320,Al(HO)3,4.6615,"[Element Al, Element H, Element O]",3
mp-625739,Al(HO)3,4.8633,"[Element Al, Element H, Element O]",3
mp-625762,Al(HO)3,4.7202,"[Element Al, Element H, Element O]",3
mp-625774,Al(HO)3,4.8775,"[Element Al, Element H, Element O]",3
mp-625807,Al(HO)3,4.3037,"[Element Al, Element H, Element O]",3
mp-626073,Al(HO)3,4.5901,"[Element Al, Element H, Element O]",3
mp-626074,Al(HO)3,4.614999999999999,"[Element Al, Element H, Element O]",3
mp-626094,Al(HO)3,4.3399,"[Element Al, Element H, Element O]",3
mp-626103,Al(HO)3,4.9129000000000005,"[Element Al, Element H, Element O]",3
mp-626414,Al(HO)3,4.8834,"[Element Al, Element H, Element O]",3
mp-626431,Al(HO)3,4.9443,"[Element Al, Element H, Element O]",3
mp-626435,Al(HO)3,4.9639,"[Element Al, Element H, Element O]",3
mp-626467,Al(HO)3,4.0092,"[Element Al, Element H, Element O]",3
mp-626470,Al(HO)3,4.994499999999999,"[Element Al, Element H, Element O]",3
mp-626481,Al(HO)3,3.8282,"[Element Al, Element H, Element O]",3
mp-626496,Al(HO)3,5.041799999999999,"[Element Al, Element H, Element O]",3
mp-626497,Al(HO)3,4.697299999999999,"[Element Al, Element H, Element O]",3
mp-626500,Al(HO)3,4.5759,"[Element Al, Element H, Element O]",3
mp-626502,Al(HO)3,4.9816,"[Element Al, Element H, Element O]",3
mp-626504,Al(HO)3,4.747599999999999,"[Element Al, Element H, Element O]",3
mp-626568,Al(HO)3,3.8913,"[Element Al, Element H, Element O]",3
mp-626587,Al(HO)3,4.8222000000000005,"[Element Al, Element H, Element O]",3
mp-626605,Al(HO)3,4.7793,"[Element Al, Element H, Element O]",3
mp-626631,Al(HO)3,3.8335999999999992,"[Element Al, Element H, Element O]",3
mp-626654,Al(HO)3,4.238399999999999,"[Element Al, Element H, Element O]",3
mp-777738,Al(HO)3,5.1686,"[Element Al, Element H, Element O]",3
mp-985293,Al(HO)3,5.8109,"[Element Al, Element H, Element O]",3
mp-672352,Al(ICl2)3,1.7285,"[Element Al, Element Cl, Element I]",3
mp-555903,Al(IO3)3,3.346599999999999,"[Element Al, Element I, Element O]",3
mp-554868,Al(MoS2)4,0.11040000000000001,"[Element Al, Element Mo, Element S]",3
mp-1045504,Al(NiO2)2,0.1428,"[Element Al, Element Ni, Element O]",3
mp-1096807,Al(OF)3,0.382,"[Element Al, Element F, Element O]",3
mp-1019377,Al(PO3)3,5.9631,"[Element Al, Element O, Element P]",3
mp-14011,Al(PO3)3,5.712400000000001,"[Element Al, Element O, Element P]",3
mp-540549,Al(PO3)3,5.8053,"[Element Al, Element O, Element P]",3
mp-559996,Al(PO3)3,5.5151,"[Element Al, Element O, Element P]",3
mp-1245956,Al(PbN)3,0.24379999999999902,"[Element Al, Element N, Element Pb]",3
mp-683984,Al(SeCl)4,1.1219000000000001,"[Element Al, Element Cl, Element Se]",3
mp-574529,Al(SeCl2)2,1.4066,"[Element Al, Element Cl, Element Se]",3
mp-726892,Al(SiO3)2,0.3647,"[Element Al, Element O, Element Si]",3
mp-732264,Al(SiO3)2,3.0304,"[Element Al, Element O, Element Si]",3
mp-540628,Al(TeCl2)2,1.3271,"[Element Al, Element Cl, Element Te]",3
mp-2014966,Al(VS2)4,0.3003,"[Element Al, Element S, Element V]",3
mp-1047756,Al(WF5)3,3.1318,"[Element Al, Element F, Element W]",3
mp-28499,Al10Ge2O19,2.2265,"[Element Al, Element Ge, Element O]",3
mp-1247851,Al10Si2O19,3.578499999999999,"[Element Al, Element O, Element Si]",3
mp-1247887,Al10Si2O19,3.7364,"[Element Al, Element O, Element Si]",3
mp-28503,Al10Si2O19,3.4466,"[Element Al, Element O, Element Si]",3
mp-760795,Al10ZnO16,4.326799999999999,"[Element Al, Element O, Element Zn]",3
mp-766293,Al11AgO17,3.020899999999999,"[Element Ag, Element Al, Element O]",3
mp-849760,Al11AgO17,3.196799999999999,"[Element Ag, Element Al, Element O]",3
mp-766248,Al11InO17,3.721,"[Element Al, Element In, Element O]",3
mp-675682,Al11NO15,4.052600000000001,"[Element Al, Element N, Element O]",3
mp-2206289,Al11TlO17,5.323600000000001,"[Element Al, Element O, Element Tl]",3
mp-758571,Al11TlO17,4.590300000000001,"[Element Al, Element O, Element Tl]",3
mp-757333,Al12PbO19,4.519,"[Element Al, Element O, Element Pb]",3
mp-28790,Al13(TlS7)3,3.1285,"[Element Al, Element S, Element Tl]",3
mp-765944,Al15Fe9O32,2.1445,"[Element Al, Element Fe, Element O]",3
mp-801915,Al15Fe9O32,1.3242,"[Element Al, Element Fe, Element O]",3
mp-675472,Al17(NO7)3,4.199000000000001,"[Element Al, Element N, Element O]",3
mp-757340,Al19CrO30,3.9429,"[Element Al, Element Cr, Element O]",3
mp-1029975,Al2(CN2)3,2.9441,"[Element Al, Element C, Element N]",3
mp-29110,Al2(FeSi)3,0.230299999999999,"[Element Al, Element Fe, Element Si]",3
mp-19521,Al2(MoO4)3,3.7134,"[Element Al, Element Mo, Element O]",3
mp-559796,Al2(MoO4)3,3.7649,"[Element Al, Element Mo, Element O]",3
mp-1193708,Al2(PS3)3,2.2406,"[Element Al, Element P, Element S]",3
mp-2713752,Al2(SO4)3,5.6638,"[Element Al, Element O, Element S]",3
mp-4417,Al2(SO4)3,6.0272,"[Element Al, Element O, Element S]",3
mp-1183001,Al2(SeO4)3,0.356199999999999,"[Element Al, Element O, Element Se]",3
mp-756970,Al2(SeO4)3,3.120199999999999,"[Element Al, Element O, Element Se]",3
mp-780398,Al2(SeO4)3,2.6467,"[Element Al, Element O, Element Se]",3
mp-1182999,Al2(WO4)3,4.5346,"[Element Al, Element O, Element W]",3
mp-1374068,Al2(WO4)3,1.7529,"[Element Al, Element O, Element W]",3
mp-19516,Al2(WO4)3,4.6158,"[Element Al, Element O, Element W]",3
mp-542093,Al2(WO4)3,4.5354,"[Element Al, Element O, Element W]",3
mp-560318,Al2(WO4)3,4.619,"[Element Al, Element O, Element W]",3
mp-1228987,Al2(ZnS2)3,2.7522,"[Element Al, Element S, Element Zn]",3
mp-674298,Al22CdO34,2.3255,"[Element Al, Element Cd, Element O]",3
mp-530984,Al22PbO34,3.6212,"[Element Al, Element O, Element Pb]",3
mp-557737,Al2BiS4,2.6364,"[Element Al, Element Bi, Element S]",3
mp-571623,Al2BiSe4,2.2404,"[Element Al, Element Bi, Element Se]",3
mp-1228951,Al2CO,1.759599999999999,"[Element Al, Element C, Element O]",3
mp-772624,Al2CO,2.662799999999999,"[Element Al, Element C, Element O]",3
mp-1246198,Al2Cd3N4,0.1779,"[Element Al, Element Cd, Element N]",3
mp-1214910,Al2CdBr8,2.9128,"[Element Al, Element Br, Element Cd]",3
mp-28361,Al2CdCl8,3.708199999999999,"[Element Al, Element Cd, Element Cl]",3
mp-36866,Al2CdO4,2.676,"[Element Al, Element Cd, Element O]",3
mp-5928,Al2CdS4,2.7262999999999993,"[Element Al, Element Cd, Element S]",3
mp-9993,Al2CdS4,2.462299999999999,"[Element Al, Element Cd, Element S]",3
mp-3159,Al2CdSe4,2.004699999999999,"[Element Al, Element Cd, Element Se]",3
mp-3807,Al2CdSe4,1.261099999999999,"[Element Al, Element Cd, Element Se]",3
mp-7909,Al2CdTe4,1.6245,"[Element Al, Element Cd, Element Te]",3
mp-1248317,Al2Co2O7,0.5769000000000001,"[Element Al, Element Co, Element O]",3
mp-540759,Al2CoCl8,0.343199999999999,"[Element Al, Element Cl, Element Co]",3
mp-756318,Al2CoCl8,0.3186,"[Element Al, Element Cl, Element Co]",3
mp-36447,Al2CoO4,3.0024,"[Element Al, Element Co, Element O]",3
mp-37621,Al2CoO4,2.4719,"[Element Al, Element Co, Element O]",3
mp-674336,Al2CoO4,2.274700000000001,"[Element Al, Element Co, Element O]",3
mp-1205208,Al2Cr4O19,0.13339999999999902,"[Element Al, Element Cr, Element O]",3
mp-607399,Al2CrCl8,0.927099999999999,"[Element Al, Element Cl, Element Cr]",3
mp-754713,Al2CrO5,0.327399999999999,"[Element Al, Element Cr, Element O]",3
mp-23434,Al2CuCl8,0.5594,"[Element Al, Element Cl, Element Cu]",3
mp-1093967,Al2CuRh,0.12040000000000001,"[Element Al, Element Cu, Element Rh]",3
mp-1265576,Al2Fe3F15,2.7091000000000003,"[Element Al, Element F, Element Fe]",3
mp-34782,Al2FeO4,2.5346,"[Element Al, Element Fe, Element O]",3
mp-36465,Al2FeO4,2.6289,"[Element Al, Element Fe, Element O]",3
mp-530567,Al2FeO4,0.5154000000000001,"[Element Al, Element Fe, Element O]",3
mp-531674,Al2FeO4,2.8188999999999993,"[Element Al, Element Fe, Element O]",3
mp-1078015,Al2FeS4,0.6271000000000001,"[Element Al, Element Fe, Element S]",3
mp-1228953,Al2GaN3,3.1754,"[Element Al, Element Ga, Element N]",3
mp-9751,Al2Ge2O7,3.409799999999999,"[Element Al, Element Ge, Element O]",3
mp-27346,Al2Hg3Cl8,2.5631,"[Element Al, Element Cl, Element Hg]",3
mp-1336298,Al2Hg5Se8,0.1463,"[Element Al, Element Hg, Element Se]",3
mp-685952,Al2Hg5Se8,0.23550000000000001,"[Element Al, Element Hg, Element Se]",3
mp-756317,Al2HgO4,1.346099999999999,"[Element Al, Element Hg, Element O]",3
mp-1104053,Al2HgS4,1.304899999999999,"[Element Al, Element Hg, Element S]",3
mp-7906,Al2HgS4,2.0244,"[Element Al, Element Hg, Element S]",3
mp-1103510,Al2HgSe4,0.38209999999999905,"[Element Al, Element Hg, Element Se]",3
mp-3038,Al2HgSe4,1.4253999999999991,"[Element Al, Element Hg, Element Se]",3
mp-7910,Al2HgTe4,1.1108,"[Element Al, Element Hg, Element Te]",3
mp-1246874,Al2InN3,2.1638,"[Element Al, Element In, Element N]",3
mp-1262001,Al2Mo2O7,0.5063000000000001,"[Element Al, Element Mo, Element O]",3
mp-1378195,Al2Mo2O7,0.6497,"[Element Al, Element Mo, Element O]",3
mp-1248873,Al2Ni2O7,1.0073,"[Element Al, Element Ni, Element O]",3
mp-605912,Al2NiCl8,0.5434,"[Element Al, Element Cl, Element Ni]",3
mp-1280463,Al2NiO4,3.5218,"[Element Al, Element Ni, Element O]",3
mp-1285355,Al2NiO4,3.5985,"[Element Al, Element Ni, Element O]",3
mp-1295388,Al2NiO4,3.637099999999999,"[Element Al, Element Ni, Element O]",3
mp-34234,Al2NiO4,3.079499999999999,"[Element Al, Element Ni, Element O]",3
mp-37614,Al2NiO4,3.205599999999999,"[Element Al, Element Ni, Element O]",3
mp-530137,Al2NiO4,3.042099999999999,"[Element Al, Element Ni, Element O]",3
mp-530184,Al2NiO4,2.923400000000001,"[Element Al, Element Ni, Element O]",3
mp-530459,Al2NiO4,3.075000000000001,"[Element Al, Element Ni, Element O]",3
mp-531917,Al2NiO4,3.0811,"[Element Al, Element Ni, Element O]",3
mp-532317,Al2NiO4,3.2249,"[Element Al, Element Ni, Element O]",3
mp-688785,Al2NiO4,3.3947,"[Element Al, Element Ni, Element O]",3
mp-1095763,Al2OsPd,0.5728,"[Element Al, Element Os, Element Pd]",3
mp-1248716,Al2OsPd,0.380399999999999,"[Element Al, Element Os, Element Pd]",3
mp-1093553,Al2OsPt,0.19229999999999903,"[Element Al, Element Os, Element Pt]",3
mp-14941,Al2Pb3F12,5.266,"[Element Al, Element F, Element Pb]",3
mp-1246757,Al2Pb3N4,0.7301000000000001,"[Element Al, Element N, Element Pb]",3
mp-21892,Al2PbO4,3.9425,"[Element Al, Element O, Element Pb]",3
mp-1103722,Al2PbS4,2.5904,"[Element Al, Element Pb, Element S]",3
mp-1228611,Al2PbSe4,2.5214,"[Element Al, Element Pb, Element Se]",3
mp-675374,Al2PbSe4,1.9965000000000002,"[Element Al, Element Pb, Element Se]",3
mp-27452,Al2PdCl8,1.686,"[Element Al, Element Cl, Element Pd]",3
mp-1097168,Al2PdPt,1.016299999999999,"[Element Al, Element Pd, Element Pt]",3
mp-731939,Al2Si2O7,3.7039,"[Element Al, Element O, Element Si]",3
mp-755043,Al2Si2O7,5.266500000000001,"[Element Al, Element O, Element Si]",3
mp-1192629,Al2Si2O9,0.24099999999999902,"[Element Al, Element O, Element Si]",3
mp-1192646,Al2Si2O9,0.3175,"[Element Al, Element O, Element Si]",3
mp-1201477,Al2Si2O9,0.23190000000000002,"[Element Al, Element O, Element Si]",3
mp-707135,Al2Si4O11,4.1738,"[Element Al, Element O, Element Si]",3
mp-1183015,Al2SiO5,1.3101,"[Element Al, Element O, Element Si]",3
mp-1247890,Al2SiO5,4.1102,"[Element Al, Element O, Element Si]",3
mp-4753,Al2SiO5,4.8382000000000005,"[Element Al, Element O, Element Si]",3
mp-4934,Al2SiO5,4.992799999999999,"[Element Al, Element O, Element Si]",3
mp-5065,Al2SiO5,5.403799999999999,"[Element Al, Element O, Element Si]",3
mp-640357,Al2SiO5,4.0672,"[Element Al, Element O, Element Si]",3
mp-9515,Al2SiO5,5.748799999999999,"[Element Al, Element O, Element Si]",3
mp-9516,Al2SiO5,5.462099999999999,"[Element Al, Element O, Element Si]",3
mp-1260244,Al2Sn2O7,1.351599999999999,"[Element Al, Element O, Element Sn]",3
mp-1096117,Al2TcIr,0.5482,"[Element Al, Element Ir, Element Tc]",3
mp-1097597,Al2TcPd,1.026799999999999,"[Element Al, Element Pd, Element Tc]",3
mp-1093622,Al2TcPt,0.8066,"[Element Al, Element Pt, Element Tc]",3
mp-540629,Al2Te2Cl7,1.4498,"[Element Al, Element Cl, Element Te]",3
mp-1214880,Al2Te4O11,2.7781000000000002,"[Element Al, Element O, Element Te]",3
mp-568443,Al2VCl8,0.8418000000000001,"[Element Al, Element Cl, Element V]",3
mp-1266390,Al2W2O7,1.033399999999999,"[Element Al, Element O, Element W]",3
mp-1342803,Al2W2O7,1.8038999999999992,"[Element Al, Element O, Element W]",3
mp-1096785,Al2Zn2S5,0.987599999999999,"[Element Al, Element S, Element Zn]",3
mp-1096789,Al2Zn2S5,1.1242,"[Element Al, Element S, Element Zn]",3
mp-1096793,Al2Zn2S5,1.538599999999999,"[Element Al, Element S, Element Zn]",3
mp-1228522,Al2Zn2S5,3.5602,"[Element Al, Element S, Element Zn]",3
mp-1246018,Al2Zn3N4,1.051399999999999,"[Element Al, Element N, Element Zn]",3
mp-2908,Al2ZnO4,3.845999999999999,"[Element Al, Element O, Element Zn]",3
mp-34210,Al2ZnO4,3.030299999999999,"[Element Al, Element O, Element Zn]",3
mp-1096809,Al2ZnS4,2.6294,"[Element Al, Element S, Element Zn]",3
mp-1096810,Al2ZnS4,3.0979,"[Element Al, Element S, Element Zn]",3
mp-1096814,Al2ZnS4,0.44880000000000003,"[Element Al, Element S, Element Zn]",3
mp-1096816,Al2ZnS4,1.394499999999999,"[Element Al, Element S, Element Zn]",3
mp-1096817,Al2ZnS4,0.20389999999999903,"[Element Al, Element S, Element Zn]",3
mp-1096818,Al2ZnS4,0.41199999999999903,"[Element Al, Element S, Element Zn]",3
mp-1228438,Al2ZnS4,1.753899999999999,"[Element Al, Element S, Element Zn]",3
mp-1247837,Al2ZnS4,2.956,"[Element Al, Element S, Element Zn]",3
mp-1247884,Al2ZnS4,1.5436,"[Element Al, Element S, Element Zn]",3
mp-4842,Al2ZnS4,2.4934,"[Element Al, Element S, Element Zn]",3
mp-1104860,Al2ZnSe4,1.378899999999999,"[Element Al, Element Se, Element Zn]",3
mp-1228454,Al2ZnSe4,0.8803999999999991,"[Element Al, Element Se, Element Zn]",3
mp-7907,Al2ZnSe4,2.1529,"[Element Al, Element Se, Element Zn]",3
mp-7908,Al2ZnTe4,1.625099999999999,"[Element Al, Element Te, Element Zn]",3
mp-1199889,Al3(PO8)2,0.12609999999999902,"[Element Al, Element O, Element P]",3
mp-1228446,Al3BC,0.453,"[Element Al, Element B, Element C]",3
mp-1214836,Al3BC3,1.7548,"[Element Al, Element B, Element C]",3
mp-1228599,Al3BC3,1.8202999999999991,"[Element Al, Element B, Element C]",3
mp-1019380,Al3BN4,3.3606,"[Element Al, Element B, Element N]",3
mp-645282,Al3Bi5Br12,1.6320000000000001,"[Element Al, Element Bi, Element Br]",3
mp-646102,Al3Bi5Cl12,1.5753,"[Element Al, Element Bi, Element Cl]",3
mp-645326,Al3Bi5I12,1.3146,"[Element Al, Element Bi, Element I]",3
mp-1228485,Al3CrO6,3.8929,"[Element Al, Element Cr, Element O]",3
mp-762236,Al3CrO6,3.3694,"[Element Al, Element Cr, Element O]",3
mp-1019378,Al3GaN4,3.349899999999999,"[Element Al, Element Ga, Element N]",3
mp-1228436,Al3GaN4,3.4096,"[Element Al, Element Ga, Element N]",3
mp-1228939,Al3NO3,4.0847,"[Element Al, Element N, Element O]",3
mp-675601,Al3NO3,4.410799999999999,"[Element Al, Element N, Element O]",3
mp-1199974,Al3Pb5F19,5.1093,"[Element Al, Element F, Element Pb]",3
mp-541732,Al3Pb5F19,5.1871,"[Element Al, Element F, Element Pb]",3
mp-557911,Al3Pb5F19,4.8519,"[Element Al, Element F, Element Pb]",3
mp-558703,Al3Pb5F19,5.157599999999999,"[Element Al, Element F, Element Pb]",3
mp-558775,Al3Pb5F19,5.0114,"[Element Al, Element F, Element Pb]",3
mp-1214871,Al3Te3Br,1.8972,"[Element Al, Element Br, Element Te]",3
mp-28693,Al3Te3I,2.1166,"[Element Al, Element I, Element Te]",3
mp-31408,Al4(B2O5)3,5.8172999999999995,"[Element Al, Element B, Element O]",3
mp-1248289,Al4(BiS4)3,0.23459999999999903,"[Element Al, Element Bi, Element S]",3
mp-1229135,Al4B2O9,4.357800000000001,"[Element Al, Element B, Element O]",3
mp-1247834,Al4B2O9,3.2355,"[Element Al, Element B, Element O]",3
mp-1247923,Al4B2O9,3.4532,"[Element Al, Element B, Element O]",3
mp-23426,Al4Bi2O9,2.800199999999999,"[Element Al, Element Bi, Element O]",3
mp-13703,Al4CO4,3.823299999999999,"[Element Al, Element C, Element O]",3
mp-1190488,Al4CdO7,3.0642,"[Element Al, Element Cd, Element O]",3
mp-1228691,Al4GaSb5,0.9859999999999991,"[Element Al, Element Ga, Element Sb]",3
mp-1214816,Al4SiC4,1.200899999999999,"[Element Al, Element C, Element Si]",3
mp-1247233,Al4Te3N2,0.43499999999999905,"[Element Al, Element N, Element Te]",3
mp-1096832,Al4ZnS7,3.0068,"[Element Al, Element S, Element Zn]",3
mp-1252778,Al5(CoO4)3,0.32080000000000003,"[Element Al, Element Co, Element O]",3
mp-1251086,Al5(FeO4)3,1.1491999999999991,"[Element Al, Element Fe, Element O]",3
mp-1356833,Al5(FeO4)3,0.9984000000000001,"[Element Al, Element Fe, Element O]",3
mp-1359741,Al5(FeO4)3,2.0496,"[Element Al, Element Fe, Element O]",3
mp-1228170,Al5AgS8,1.5406,"[Element Ag, Element Al, Element S]",3
mp-3281,Al5BO9,4.9384999999999994,"[Element Al, Element B, Element O]",3
mp-5496,Al5C3N,1.4427,"[Element Al, Element C, Element N]",3
mp-570079,Al5C3N,0.8374,"[Element Al, Element C, Element N]",3
mp-35267,Al5CuS8,1.4217,"[Element Al, Element Cu, Element S]",3
mp-37405,Al5CuSe8,0.504599999999999,"[Element Al, Element Cu, Element Se]",3
mp-696529,Al5HO8,4.3283000000000005,"[Element Al, Element H, Element O]",3
mp-1245348,Al5WN7,0.8914000000000001,"[Element Al, Element N, Element W]",3
mp-1182901,Al6B5O18,0.6976,"[Element Al, Element B, Element O]",3
mp-1214854,Al6B5O18,0.46320000000000006,"[Element Al, Element B, Element O]",3
mp-686476,Al6Bi24Cl23,0.47119999999999906,"[Element Al, Element Bi, Element Cl]",3
mp-5798,Al6C3N2,0.115399999999999,"[Element Al, Element C, Element N]",3
mp-530331,Al6SnTe10,1.439,"[Element Al, Element Sn, Element Te]",3
mp-1246158,Al6W5N16,2.2371,"[Element Al, Element N, Element W]",3
mp-28759,Al7(TlS4)3,2.7961,"[Element Al, Element S, Element Tl]",3
mp-13875,Al8(Pb3O7)3,2.8336,"[Element Al, Element O, Element Pb]",3
mp-1247920,Al8(SiO6)3,1.5203,"[Element Al, Element O, Element Si]",3
mp-1228858,Al8SiO14,3.1761,"[Element Al, Element O, Element Si]",3
mp-772413,Al8SiO14,4.2639,"[Element Al, Element O, Element Si]",3
mp-1205591,AlAg3F6,0.268099999999999,"[Element Ag, Element Al, Element F]",3
mp-1096668,AlAgAu2,1.413399999999999,"[Element Ag, Element Al, Element Au]",3
mp-1214923,AlAgF4,2.4951,"[Element Ag, Element Al, Element F]",3
mp-1096824,AlAgO2,1.0623,"[Element Ag, Element Al, Element O]",3
mp-11794,AlAgO2,0.825199999999999,"[Element Ag, Element Al, Element O]",3
mp-1239228,AlAgO2,0.252,"[Element Ag, Element Al, Element O]",3
mp-9631,AlAgO2,1.4090999999999991,"[Element Ag, Element Al, Element O]",3
mp-1096820,AlAgS2,1.634999999999999,"[Element Ag, Element Al, Element S]",3
mp-5782,AlAgS2,1.8992,"[Element Ag, Element Al, Element S]",3
mp-7885,AlAgS2,1.7077,"[Element Ag, Element Al, Element S]",3
mp-14091,AlAgSe2,1.135199999999999,"[Element Ag, Element Al, Element Se]",3
mp-14092,AlAgTe2,1.0469,"[Element Ag, Element Al, Element Te]",3
mp-5189,AlAsO4,3.865,"[Element Al, Element As, Element O]",3
mp-7849,AlAsO4,4.2634,"[Element Al, Element As, Element O]",3
mp-1215024,AlAsO6,0.43770000000000003,"[Element Al, Element As, Element O]",3
mp-16613,AlAuO2,0.5888,"[Element Al, Element Au, Element O]",3
mp-1019379,AlB3N4,3.5993,"[Element Al, Element B, Element N]",3
mp-1008557,AlBN2,3.0501,"[Element Al, Element B, Element N]",3
mp-8110,AlBO3,5.8392,"[Element Al, Element B, Element O]",3
mp-31268,AlBiBr6,2.5722,"[Element Al, Element Bi, Element Br]",3
mp-672273,AlBiCl6,3.7568,"[Element Al, Element Bi, Element Cl]",3
mp-1245430,AlBiN2,1.4127,"[Element Al, Element Bi, Element N]",3
mp-1344602,AlBiO3,0.9480000000000001,"[Element Al, Element Bi, Element O]",3
mp-1376082,AlBiO3,0.7618,"[Element Al, Element Bi, Element O]",3
mp-1392353,AlBiO3,0.641099999999999,"[Element Al, Element Bi, Element O]",3
mp-23080,AlBiO3,1.585999999999999,"[Element Al, Element Bi, Element O]",3
mp-551918,AlBiO3,2.977899999999999,"[Element Al, Element Bi, Element O]",3
mp-775763,AlBiO3,3.0001,"[Element Al, Element Bi, Element O]",3
mp-1202918,AlBr3N,0.344199999999999,"[Element Al, Element Br, Element N]",3
mp-1214833,AlBrO,3.0144,"[Element Al, Element Br, Element O]",3
mp-1204653,AlC6N,1.6946999999999992,"[Element Al, Element C, Element N]",3
mp-1102961,AlCdCl4,2.761,"[Element Al, Element Cd, Element Cl]",3
mp-1096462,AlCdRh2,0.13539999999999902,"[Element Al, Element Cd, Element Rh]",3
mp-27863,AlClO,5.593999999999999,"[Element Al, Element Cl, Element O]",3
mp-1251112,AlCoF5,3.2098,"[Element Al, Element Co, Element F]",3
mp-1178576,AlCoO3,2.5603,"[Element Al, Element Co, Element O]",3
mp-754022,AlCoO3,0.8939,"[Element Al, Element Co, Element O]",3
mp-756947,AlCoO3,0.827199999999999,"[Element Al, Element Co, Element O]",3
mp-776216,AlCoO3,0.3481,"[Element Al, Element Co, Element O]",3
mp-1393022,AlCr2O4,2.0559,"[Element Al, Element Cr, Element O]",3
mp-1096575,AlCr2W,0.28850000000000003,"[Element Al, Element Cr, Element W]",3
mp-1048826,AlCr3O6,1.408699999999999,"[Element Al, Element Cr, Element O]",3
mp-1262600,AlCrF5,2.4445,"[Element Al, Element Cr, Element F]",3
mp-1251690,AlCrO3,1.1578,"[Element Al, Element Cr, Element O]",3
mp-1345463,AlCrO3,1.802899999999999,"[Element Al, Element Cr, Element O]",3
mp-1097410,AlCrOs2,0.14979999999999902,"[Element Al, Element Cr, Element Os]",3
mp-1102536,AlCuBr4,2.1451000000000002,"[Element Al, Element Br, Element Cu]",3
mp-1191076,AlCuCl4,2.532899999999999,"[Element Al, Element Cl, Element Cu]",3
mp-28020,AlCuCl4,2.5112,"[Element Al, Element Cl, Element Cu]",3
mp-3098,AlCuO2,1.8148,"[Element Al, Element Cu, Element O]",3
mp-3748,AlCuO2,1.7978,"[Element Al, Element Cu, Element O]",3
mp-1178579,AlCuO3,0.13490000000000002,"[Element Al, Element Cu, Element O]",3
mp-776172,AlCuO3,0.35000000000000003,"[Element Al, Element Cu, Element O]",3
mp-1096827,AlCuS2,1.254299999999999,"[Element Al, Element Cu, Element S]",3
mp-4979,AlCuS2,1.6756,"[Element Al, Element Cu, Element S]",3
mp-8016,AlCuSe2,0.8921999999999991,"[Element Al, Element Cu, Element Se]",3
mp-8017,AlCuTe2,1.0186,"[Element Al, Element Cu, Element Te]",3
mp-28901,AlFeF5,4.2584,"[Element Al, Element F, Element Fe]",3
mp-1178577,AlFeO3,2.1792,"[Element Al, Element Fe, Element O]",3
mp-1254277,AlFeO3,1.3295,"[Element Al, Element Fe, Element O]",3
mp-1259818,AlFeO3,1.360799999999999,"[Element Al, Element Fe, Element O]",3
mp-1264966,AlFeO3,0.6687000000000001,"[Element Al, Element Fe, Element O]",3
mp-21216,AlFeO3,1.9962,"[Element Al, Element Fe, Element O]",3
mp-776154,AlFeO3,2.1089,"[Element Al, Element Fe, Element O]",3
mp-1019508,AlGa3N4,2.180799999999999,"[Element Al, Element Ga, Element N]",3
mp-1228943,AlGa3N4,2.2393,"[Element Al, Element Ga, Element N]",3
mp-1228891,AlGaAs2,0.700499999999999,"[Element Al, Element As, Element Ga]",3
mp-1214875,AlGaBr4,2.0619,"[Element Al, Element Br, Element Ga]",3
mp-541111,AlGaCl4,4.2234,"[Element Al, Element Cl, Element Ga]",3
mp-1008556,AlGaN2,2.6642,"[Element Al, Element Ga, Element N]",3
mp-1228894,AlGaN2,2.719999999999999,"[Element Al, Element Ga, Element N]",3
mp-756686,AlGaO3,3.0761,"[Element Al, Element Ga, Element O]",3
mp-772187,AlGaO3,3.4263999999999992,"[Element Al, Element Ga, Element O]",3
mp-772898,AlGaO3,3.5313,"[Element Al, Element Ga, Element O]",3
mp-1228888,AlGaP2,1.6344,"[Element Al, Element Ga, Element P]",3
mp-1095917,AlGaPd2,0.6435999999999991,"[Element Al, Element Ga, Element Pd]",3
mp-1228895,AlGaSb2,0.17270000000000002,"[Element Al, Element Ga, Element Sb]",3
mp-1078520,AlHO2,5.9138,"[Element Al, Element H, Element O]",3
mp-1247827,AlHO2,0.11129999999999901,"[Element Al, Element H, Element O]",3
mp-23807,AlHO2,5.6572,"[Element Al, Element H, Element O]",3
mp-625054,AlHO2,5.1403,"[Element Al, Element H, Element O]",3
mp-625055,AlHO2,4.6632,"[Element Al, Element H, Element O]",3
mp-625075,AlHO2,4.4054,"[Element Al, Element H, Element O]",3
mp-625152,AlHO2,5.546000000000001,"[Element Al, Element H, Element O]",3
mp-625404,AlHO2,5.495400000000001,"[Element Al, Element H, Element O]",3
mp-625420,AlHO2,4.8339,"[Element Al, Element H, Element O]",3
mp-674463,AlHO2,4.721100000000001,"[Element Al, Element H, Element O]",3
mp-27935,AlICl6,2.291,"[Element Al, Element Cl, Element I]",3
mp-1214837,AlIO,1.6572,"[Element Al, Element I, Element O]",3
mp-1245824,AlIn2N3,0.8864999999999991,"[Element Al, Element In, Element N]",3
mp-1214853,AlInBr4,3.5627,"[Element Al, Element Br, Element In]",3
mp-638061,AlInCl4,4.186100000000001,"[Element Al, Element Cl, Element In]",3
mp-571260,AlInI4,3.0861,"[Element Al, Element I, Element In]",3
mp-1245856,AlInN2,1.6253000000000002,"[Element Al, Element In, Element N]",3
mp-1246285,AlInN2,1.2564,"[Element Al, Element In, Element N]",3
mp-1247201,AlInN2,1.5194,"[Element Al, Element In, Element N]",3
mp-754157,AlInO3,2.162,"[Element Al, Element In, Element O]",3
mp-504482,AlInS3,2.081299999999999,"[Element Al, Element In, Element S]",3
mp-1228866,AlInSb2,0.237599999999999,"[Element Al, Element In, Element Sb]",3
mp-1228890,AlInSb2,0.3185,"[Element Al, Element In, Element Sb]",3
mp-862787,AlInSe3,1.6333000000000002,"[Element Al, Element In, Element Se]",3
mp-1041498,AlMo3F15,1.8927,"[Element Al, Element F, Element Mo]",3
mp-1246835,AlMoN3,1.4508,"[Element Al, Element Mo, Element N]",3
mp-1248370,AlMoO3,0.734799999999999,"[Element Al, Element Mo, Element O]",3
mp-1373731,AlMoO3,1.4177,"[Element Al, Element Mo, Element O]",3
mp-1263325,AlNiF5,1.9441000000000002,"[Element Al, Element F, Element Ni]",3
mp-1247828,AlOF,5.2551,"[Element Al, Element F, Element O]",3
mp-28046,AlP2I9,1.686,"[Element Al, Element I, Element P]",3
mp-568423,AlPI8,1.4878,"[Element Al, Element I, Element P]",3
mp-1019510,AlPO4,5.4907,"[Element Al, Element O, Element P]",3
mp-1019511,AlPO4,5.6861,"[Element Al, Element O, Element P]",3
mp-1019512,AlPO4,5.2949,"[Element Al, Element O, Element P]",3
mp-1019513,AlPO4,5.6414,"[Element Al, Element O, Element P]",3
mp-1019514,AlPO4,5.477899999999999,"[Element Al, Element O, Element P]",3
mp-1183022,AlPO4,1.9258000000000002,"[Element Al, Element O, Element P]",3
mp-1199762,AlPO4,5.6196,"[Element Al, Element O, Element P]",3
mp-13024,AlPO4,4.970000000000001,"[Element Al, Element O, Element P]",3
mp-37990,AlPO4,5.5123,"[Element Al, Element O, Element P]",3
mp-3955,AlPO4,5.6177,"[Element Al, Element O, Element P]",3
mp-4051,AlPO4,5.475,"[Element Al, Element O, Element P]",3
mp-5331,AlPO4,5.6126000000000005,"[Element Al, Element O, Element P]",3
mp-541338,AlPO4,5.7862,"[Element Al, Element O, Element P]",3
mp-5440,AlPO4,5.787199999999999,"[Element Al, Element O, Element P]",3
mp-545974,AlPO4,5.3232,"[Element Al, Element O, Element P]",3
mp-554185,AlPO4,5.6897,"[Element Al, Element O, Element P]",3
mp-554273,AlPO4,5.6342,"[Element Al, Element O, Element P]",3
mp-555941,AlPO4,5.7813,"[Element Al, Element O, Element P]",3
mp-557362,AlPO4,5.7275,"[Element Al, Element O, Element P]",3
mp-557604,AlPO4,5.667,"[Element Al, Element O, Element P]",3
mp-557757,AlPO4,5.7600999999999996,"[Element Al, Element O, Element P]",3
mp-557842,AlPO4,5.4928,"[Element Al, Element O, Element P]",3
mp-557915,AlPO4,5.4597,"[Element Al, Element O, Element P]",3
mp-558056,AlPO4,5.648,"[Element Al, Element O, Element P]",3
mp-558088,AlPO4,5.6341,"[Element Al, Element O, Element P]",3
mp-559145,AlPO4,5.6623,"[Element Al, Element O, Element P]",3
mp-560151,AlPO4,5.4854,"[Element Al, Element O, Element P]",3
mp-560815,AlPO4,5.4968,"[Element Al, Element O, Element P]",3
mp-561027,AlPO4,5.6667000000000005,"[Element Al, Element O, Element P]",3
mp-5724,AlPO4,5.4878,"[Element Al, Element O, Element P]",3
mp-5859,AlPO4,5.508100000000001,"[Element Al, Element O, Element P]",3
mp-603719,AlPO4,2.9478,"[Element Al, Element O, Element P]",3
mp-667310,AlPO4,5.55,"[Element Al, Element O, Element P]",3
mp-667363,AlPO4,5.5568,"[Element Al, Element O, Element P]",3
mp-675254,AlPO4,5.352399999999999,"[Element Al, Element O, Element P]",3
mp-675771,AlPO4,1.1036,"[Element Al, Element O, Element P]",3
mp-680424,AlPO4,3.5429999999999993,"[Element Al, Element O, Element P]",3
mp-683883,AlPO4,5.7938,"[Element Al, Element O, Element P]",3
mp-685291,AlPO4,1.4646,"[Element Al, Element O, Element P]",3
mp-707977,AlPO4,5.7395,"[Element Al, Element O, Element P]",3
mp-7848,AlPO4,5.669599999999999,"[Element Al, Element O, Element P]",3
mp-1204888,AlPO6,0.458499999999999,"[Element Al, Element O, Element P]",3
mp-1214957,AlPO6,0.21549999999999903,"[Element Al, Element O, Element P]",3
mp-1071955,AlPS4,2.8369999999999997,"[Element Al, Element P, Element S]",3
mp-1102285,AlPS4,2.8338,"[Element Al, Element P, Element S]",3
mp-27462,AlPS4,2.6141,"[Element Al, Element P, Element S]",3
mp-1214948,AlPbF5,5.2623,"[Element Al, Element F, Element Pb]",3
mp-1228817,AlReGe,0.11870000000000001,"[Element Al, Element Ge, Element Re]",3
mp-1178547,AlRhO3,1.7659,"[Element Al, Element O, Element Rh]",3
mp-1093864,AlRu2W,0.254899999999999,"[Element Al, Element Ru, Element W]",3
mp-1079481,AlSBr3,0.147899999999999,"[Element Al, Element Br, Element S]",3
mp-555805,AlSCl7,2.4961,"[Element Al, Element Cl, Element S]",3
mp-1182973,AlSO10,0.45170000000000005,"[Element Al, Element O, Element S]",3
mp-1183023,AlSO10,0.2066,"[Element Al, Element O, Element S]",3
mp-28118,AlSbI6,2.254099999999999,"[Element Al, Element I, Element Sb]",3
mp-1183134,AlSbO3,1.1346,"[Element Al, Element O, Element Sb]",3
mp-1261047,AlSbO3,3.9107000000000003,"[Element Al, Element O, Element Sb]",3
mp-1374707,AlSbO3,1.2462,"[Element Al, Element O, Element Sb]",3
mp-676861,AlSbO4,1.6178,"[Element Al, Element O, Element Sb]",3
mp-29408,AlSeBr7,2.1939,"[Element Al, Element Br, Element Se]",3
mp-1205403,AlSeCl7,2.5979,"[Element Al, Element Cl, Element Se]",3
mp-5168,AlSiP3,0.288599999999999,"[Element Al, Element P, Element Si]",3
mp-31220,AlSiTe3,1.2504,"[Element Al, Element Si, Element Te]",3
mp-1047454,AlSn3F15,2.7096,"[Element Al, Element F, Element Sn]",3
mp-1253073,AlSnF5,3.7554,"[Element Al, Element F, Element Sn]",3
mp-571179,AlTeCl7,3.1559,"[Element Al, Element Cl, Element Te]",3
mp-573751,AlTeCl7,3.3025,"[Element Al, Element Cl, Element Te]",3
mp-29407,AlTeI7,1.8846,"[Element Al, Element I, Element Te]",3
mp-1183276,AlTl2F5,4.0443,"[Element Al, Element F, Element Tl]",3
mp-1539038,AlTl2F5,4.0476,"[Element Al, Element F, Element Tl]",3
mp-27758,AlTl2F5,4.0814,"[Element Al, Element F, Element Tl]",3
mp-504676,AlTl2F5,4.2238,"[Element Al, Element F, Element Tl]",3
mp-567878,AlTlBr4,4.0998,"[Element Al, Element Br, Element Tl]",3
mp-567716,AlTlCl4,4.7337,"[Element Al, Element Cl, Element Tl]",3
mp-3751,AlTlF4,4.433300000000001,"[Element Al, Element F, Element Tl]",3
mp-557233,AlTlF4,4.2399000000000004,"[Element Al, Element F, Element Tl]",3
mp-5606,AlTlF4,4.2492,"[Element Al, Element F, Element Tl]",3
mp-607829,AlTlI4,3.5042,"[Element Al, Element I, Element Tl]",3
mp-14105,AlTlO2,2.196999999999999,"[Element Al, Element O, Element Tl]",3
mp-768539,AlTlO3,1.208199999999999,"[Element Al, Element O, Element Tl]",3
mp-985477,AlTlS2,2.1201,"[Element Al, Element S, Element Tl]",3
mp-863762,AlTlSe2,1.788999999999999,"[Element Al, Element Se, Element Tl]",3
mp-9579,AlTlSe2,0.587299999999999,"[Element Al, Element Se, Element Tl]",3
mp-1045538,AlV2O4,0.41579999999999906,"[Element Al, Element O, Element V]",3
mp-1252214,AlV2O4,0.2614,"[Element Al, Element O, Element V]",3
mp-1272295,AlV2O4,0.3638,"[Element Al, Element O, Element V]",3
mp-1274278,AlV2O4,0.11869999999999901,"[Element Al, Element O, Element V]",3
mp-1276673,AlV2O4,0.19939999999999902,"[Element Al, Element O, Element V]",3
mp-1280023,AlV2O4,0.3682,"[Element Al, Element O, Element V]",3
mp-1281387,AlV2O4,0.2716,"[Element Al, Element O, Element V]",3
mp-1282714,AlV2O4,0.26170000000000004,"[Element Al, Element O, Element V]",3
mp-1291152,AlV2O4,0.41080000000000005,"[Element Al, Element O, Element V]",3
mp-2767452,AlV2O4,0.161999999999999,"[Element Al, Element O, Element V]",3
mp-1045019,AlV3O6,0.4872,"[Element Al, Element O, Element V]",3
mp-1248567,AlVF5,3.1768,"[Element Al, Element F, Element V]",3
mp-1178549,AlVO3,1.569,"[Element Al, Element O, Element V]",3
mp-1248251,AlVO3,1.679199999999999,"[Element Al, Element O, Element V]",3
mp-765647,AlVO3,1.1677,"[Element Al, Element O, Element V]",3
mp-18827,AlVO4,3.0384,"[Element Al, Element O, Element V]",3
mp-1258362,AlVRe2,0.20599999999999902,"[Element Al, Element Re, Element V]",3
mp-1041957,AlW3O8,1.924799999999999,"[Element Al, Element O, Element W]",3
mp-1042107,AlW3O8,1.5411000000000001,"[Element Al, Element O, Element W]",3
mp-1262038,AlWF5,0.5218,"[Element Al, Element F, Element W]",3
mp-1246403,AlWN3,1.5971000000000002,"[Element Al, Element N, Element W]",3
mp-1046804,AlWO3,0.8598999999999991,"[Element Al, Element O, Element W]",3
mp-1251647,AlWO3,0.5902000000000001,"[Element Al, Element O, Element W]",3
mp-1182867,AlWO4,2.980299999999999,"[Element Al, Element O, Element W]",3
mp-19413,AlWO4,2.2527,"[Element Al, Element O, Element W]",3
mp-28159,As(BrF2)3,1.6272,"[Element As, Element Br, Element F]",3
mp-608317,As(CN)3,4.4542,"[Element As, Element C, Element N]",3
mp-623837,As(CN)3,4.728,"[Element As, Element C, Element N]",3
mp-27445,As(IF2)3,1.3305,"[Element As, Element F, Element I]",3
mp-558244,As(IF3)2,0.5218,"[Element As, Element F, Element I]",3
mp-651217,As(IF3)2,0.6425000000000001,"[Element As, Element F, Element I]",3
mp-1214773,As(NF2)3,1.2946,"[Element As, Element F, Element N]",3
mp-1182482,As(NO2)2,0.10099999999999901,"[Element As, Element N, Element O]",3
mp-27578,As(S2F3)2,1.2407,"[Element As, Element F, Element S]",3
mp-30934,As(S8I)3,2.0753,"[Element As, Element I, Element S]",3
mp-1229223,As14H6O31,2.2221,"[Element As, Element H, Element O]",3
mp-28005,As2(SO4)3,4.5714,"[Element As, Element O, Element S]",3
mp-30014,As2Kr3F16,1.1719,"[Element As, Element F, Element Kr]",3
mp-540883,As2P2S7,2.6841,"[Element As, Element P, Element S]",3
mp-505465,As2Pb2O5,2.936,"[Element As, Element O, Element Pb]",3
mp-608653,As2Pb2S5,1.709,"[Element As, Element Pb, Element S]",3
mp-505368,As2Pb3O8,3.3141,"[Element As, Element O, Element Pb]",3
mp-31107,As2Pb8O13,2.0725,"[Element As, Element O, Element Pb]",3
mp-28537,As2PbO4,2.846199999999999,"[Element As, Element O, Element Pb]",3
mp-20015,As2PbO6,2.1358,"[Element As, Element O, Element Pb]",3
mp-19941,As2PbS4,0.764999999999999,"[Element As, Element Pb, Element S]",3
mp-27717,As2S2F3,2.4626,"[Element As, Element F, Element S]",3
mp-1197011,As2S2O9,4.0567,"[Element As, Element O, Element S]",3
mp-27739,As2S2O9,4.1255,"[Element As, Element O, Element S]",3
mp-27230,As2SO6,4.417199999999999,"[Element As, Element O, Element S]",3
mp-1229167,As2SeS2,1.2161,"[Element As, Element S, Element Se]",3
mp-504532,As2W2O11,3.336,"[Element As, Element O, Element W]",3
mp-1042755,As2WO7,3.0777,"[Element As, Element O, Element W]",3
mp-27404,As3(HO2)5,3.066599999999999,"[Element As, Element H, Element O]",3
mp-626378,As3HO6,3.6721,"[Element As, Element H, Element O]",3
mp-626456,As3HO6,3.0456,"[Element As, Element H, Element O]",3
mp-27594,As4(Pb3S5)3,1.5756000000000001,"[Element As, Element Pb, Element S]",3
mp-1041770,As4W3O16,2.0997,"[Element As, Element O, Element W]",3
mp-637982,As5Pb3S10,0.48810000000000003,"[Element As, Element Pb, Element S]",3
mp-773040,As5Pb3S10,0.5234000000000001,"[Element As, Element Pb, Element S]",3
mp-646283,As9Pb7S20,0.14300000000000002,"[Element As, Element Pb, Element S]",3
mp-755240,AsAuO3,0.357699999999999,"[Element As, Element Au, Element O]",3
mp-1095378,AsAuO4,1.8671000000000002,"[Element As, Element Au, Element O]",3
mp-2761091,AsBr5F6,1.828199999999999,"[Element As, Element Br, Element F]",3
mp-28647,AsBr5F6,1.6507,"[Element As, Element Br, Element F]",3
mp-1214907,AsC18F17,3.2096,"[Element As, Element C, Element F]",3
mp-27274,AsCF3,3.3193,"[Element As, Element C, Element F]",3
mp-23444,AsCl2F3,2.8871,"[Element As, Element Cl, Element F]",3
mp-29863,AsCl3O,2.5284,"[Element As, Element Cl, Element O]",3
mp-27926,AsClF8,3.3906,"[Element As, Element Cl, Element F]",3
mp-31020,AsI5F6,1.4099,"[Element As, Element F, Element I]",3
mp-555340,AsIF12,0.649,"[Element As, Element F, Element I]",3
mp-1228823,AsIrS,1.863,"[Element As, Element Ir, Element S]",3
mp-1228810,AsIrSe,1.4699,"[Element As, Element Ir, Element Se]",3
mp-30010,AsKrF7,2.4978,"[Element As, Element F, Element Kr]",3
mp-685810,AsN2F7,3.5121,"[Element As, Element F, Element N]",3
mp-1214865,AsNO4,0.9581000000000001,"[Element As, Element N, Element O]",3
mp-726299,AsNO4,0.931999999999999,"[Element As, Element N, Element O]",3
mp-1214793,AsOsS,1.1795,"[Element As, Element Os, Element S]",3
mp-1214784,AsOsSe,1.0029,"[Element As, Element Os, Element Se]",3
mp-8140,AsPO4,4.5760000000000005,"[Element As, Element O, Element P]",3
mp-14367,AsPO5,2.0204,"[Element As, Element O, Element P]",3
mp-1228801,AsPOs,0.7610999999999991,"[Element As, Element Os, Element P]",3
mp-1228792,AsPPt,0.7984,"[Element As, Element P, Element Pt]",3
mp-1228753,AsPRu,0.41429999999999906,"[Element As, Element P, Element Ru]",3
mp-29992,AsPbF7,4.0652,"[Element As, Element F, Element Pb]",3
mp-1228745,AsRhS,1.2237,"[Element As, Element Rh, Element S]",3
mp-1228724,AsRhSe,0.9137000000000001,"[Element As, Element Rh, Element Se]",3
mp-1214786,AsRuS,0.9146000000000001,"[Element As, Element Ru, Element S]",3
mp-1214794,AsRuSe,0.7335,"[Element As, Element Ru, Element Se]",3
mp-1199658,AsS4N3,0.4046,"[Element As, Element N, Element S]",3
mp-1200088,AsS4N3,1.2666,"[Element As, Element N, Element S]",3
mp-505373,AsSeI,1.2345,"[Element As, Element I, Element Se]",3
mp-1047270,AsWO5,1.8533,"[Element As, Element O, Element W]",3
mp-1182721,AsXe2F9,1.596099999999999,"[Element As, Element F, Element Xe]",3
mp-637062,AsXe2F9,1.65,"[Element As, Element F, Element Xe]",3
mp-554379,AsXeF11,2.0307,"[Element As, Element F, Element Xe]",3
mp-27750,AsXeF7,2.8699,"[Element As, Element F, Element Xe]",3
mp-990238,Au(OF3)2,0.18550000000000003,"[Element Au, Element F, Element O]",3
mp-28095,Au2Se2O7,1.1502,"[Element Au, Element O, Element Se]",3
mp-559824,Au2Se3O10,0.9414,"[Element Au, Element O, Element Se]",3
mp-27441,Au2Se4O11,1.4326,"[Element Au, Element O, Element Se]",3
mp-2901862,AuBr3N2,0.3426,"[Element Au, Element Br, Element N]",3
mp-30159,AuBrF6,1.9482,"[Element Au, Element Br, Element F]",3
mp-997033,AuBrO2,0.7129000000000001,"[Element Au, Element Br, Element O]",3
mp-1245653,AuC2N3,3.243999999999999,"[Element Au, Element C, Element N]",3
mp-1245660,AuC2N3,3.6316,"[Element Au, Element C, Element N]",3
mp-29196,AuCN,1.861,"[Element Au, Element C, Element N]",3
mp-27265,AuClO,0.9762000000000001,"[Element Au, Element Cl, Element O]",3
mp-997018,AuClO2,0.26180000000000003,"[Element Au, Element Cl, Element O]",3
mp-997046,AuClO2,0.8831,"[Element Au, Element Cl, Element O]",3
mp-997092,AuClO2,0.8999,"[Element Au, Element Cl, Element O]",3
mp-997027,AuO2F,0.9596,"[Element Au, Element F, Element O]",3
mp-28192,AuSCl5,1.7772000000000001,"[Element Au, Element Cl, Element S]",3
mp-556587,AuSCl7,1.8191000000000002,"[Element Au, Element Cl, Element S]",3
mp-30003,AuSO4,1.600699999999999,"[Element Au, Element O, Element S]",3
mp-27199,AuSeBr,0.6302999999999991,"[Element Au, Element Br, Element Se]",3
mp-28372,AuSeCl7,1.7274,"[Element Au, Element Cl, Element Se]",3
mp-644828,AuXe2F17,1.3385,"[Element Au, Element F, Element Xe]",3
mp-1214780,AuXeF9,0.9027000000000001,"[Element Au, Element F, Element Xe]",3
mp-1214830,B(HC)2,0.18230000000000002,"[Element B, Element C, Element H]",3
mp-1202159,B(HO)2,4.79,"[Element B, Element H, Element O]",3
mp-1214847,B(HO)2,4.65,"[Element B, Element H, Element O]",3
mp-23791,B(HO)3,6.0572,"[Element B, Element H, Element O]",3
mp-759069,B(HO)3,6.0809,"[Element B, Element H, Element O]",3
mp-27184,B10(Pb2O7)3,3.259,"[Element B, Element O, Element Pb]",3
mp-1194548,B10H11C2,6.035,"[Element B, Element C, Element H]",3
mp-1229024,B10H11C2,5.749499999999999,"[Element B, Element C, Element H]",3
mp-1197561,B10H13Br,3.3357,"[Element B, Element Br, Element H]",3
mp-1195877,B10H13Cl,3.6163,"[Element B, Element Cl, Element H]",3
mp-1199051,B10H13I,2.5463,"[Element B, Element H, Element I]",3
mp-1199255,B10H13I,2.8217,"[Element B, Element H, Element I]",3
mp-31003,B10H13I,2.4588,"[Element B, Element H, Element I]",3
mp-1195933,B10H14S,2.3509,"[Element B, Element H, Element S]",3
mp-1199941,B10H14S,2.5518,"[Element B, Element H, Element S]",3
mp-1182647,B10Pb3O20,0.2968,"[Element B, Element O, Element Pb]",3
mp-1203744,B10Pb4O21,0.1058,"[Element B, Element O, Element Pb]",3
mp-1200351,B12Pb6O25,1.4325,"[Element B, Element O, Element Pb]",3
mp-1096872,B2(CN2)3,1.8804999999999992,"[Element B, Element C, Element N]",3
mp-1097791,B2(CN2)3,2.569899999999999,"[Element B, Element C, Element N]",3
mp-1376593,B2(CN2)3,2.537099999999999,"[Element B, Element C, Element N]",3
mp-2455462,B2(CN2)3,2.2701000000000002,"[Element B, Element C, Element N]",3
mp-989459,B2(CN2)3,1.517,"[Element B, Element C, Element N]",3
mp-989460,B2(CN2)3,2.7396000000000003,"[Element B, Element C, Element N]",3
mp-989461,B2(CN2)3,2.117,"[Element B, Element C, Element N]",3
mp-989466,B2(CN2)3,1.925499999999999,"[Element B, Element C, Element N]",3
mp-989467,B2(CN2)3,0.1452,"[Element B, Element C, Element N]",3
mp-989468,B2(CN2)3,2.689999999999999,"[Element B, Element C, Element N]",3
mp-989472,B2(CN2)3,2.4836,"[Element B, Element C, Element N]",3
mp-28092,B20H26O,1.0897000000000001,"[Element B, Element H, Element O]",3
mp-1182541,B24N4O,0.5870999999999991,"[Element B, Element N, Element O]",3
mp-29028,B2AsCl2,3.404099999999999,"[Element As, Element B, Element Cl]",3
mp-1008528,B2AsP,1.062299999999999,"[Element As, Element B, Element P]",3
mp-1228638,B2CN2,1.015399999999999,"[Element B, Element C, Element N]",3
mp-29655,B2H4C,4.7463999999999995,"[Element B, Element C, Element H]",3
mp-1197839,B2H8N,5.6386,"[Element B, Element H, Element N]",3
mp-1214908,B2NCl3,4.3775,"[Element B, Element Cl, Element N]",3
mp-28426,B2PCl2,3.8439,"[Element B, Element Cl, Element P]",3
mp-1192421,B2Pb2O5,2.719,"[Element B, Element O, Element Pb]",3
mp-662553,B2Pb2S5,1.7364000000000002,"[Element B, Element Pb, Element S]",3
mp-1203040,B2Pb4O7,2.454499999999999,"[Element B, Element O, Element Pb]",3
mp-540900,B2PdO4,0.7786000000000001,"[Element B, Element O, Element Pd]",3
mp-1019509,B2S2O9,6.6956,"[Element B, Element O, Element S]",3
mp-558521,B2Se2O7,3.941799999999999,"[Element B, Element O, Element Se]",3
mp-1194590,B2Se3O10,3.738,"[Element B, Element O, Element Se]",3
mp-768235,B2TeO5,3.3333999999999993,"[Element B, Element O, Element Te]",3
mp-779332,B2TeO6,2.6841,"[Element B, Element O, Element Te]",3
mp-642462,B3C10N3,0.172099999999999,"[Element B, Element C, Element N]",3
mp-1246452,B3C3N7,3.5848,"[Element B, Element C, Element N]",3
mp-1196163,B3H10N,5.9859,"[Element B, Element H, Element N]",3
mp-1200862,B3H12N,5.4716000000000005,"[Element B, Element H, Element N]",3
mp-1214811,B3H5N3,4.8954,"[Element B, Element H, Element N]",3
mp-1236886,B3H5N3,4.581399999999999,"[Element B, Element H, Element N]",3
mp-696812,B3H7N,1.4661,"[Element B, Element H, Element N]",3
mp-1247878,B40H51F3,0.9112999999999991,"[Element B, Element F, Element H]",3
mp-1247922,B40H51F3,1.126,"[Element B, Element F, Element H]",3
mp-1204080,B4N2O11,2.1279,"[Element B, Element N, Element O]",3
mp-1215095,B4N2O11,0.782899999999999,"[Element B, Element N, Element O]",3
mp-27426,B4PF9,5.7654,"[Element B, Element F, Element P]",3
mp-9747,B4PbO7,4.208499999999999,"[Element B, Element O, Element Pb]",3
mp-29306,B5(H2N)2,2.884299999999999,"[Element B, Element H, Element N]",3
mp-27892,B5H11N2,3.8866,"[Element B, Element H, Element N]",3
mp-30977,B5H6Br,3.0427,"[Element B, Element Br, Element H]",3
mp-1197387,B5H7S,2.0846,"[Element B, Element H, Element S]",3
mp-27893,B5H9N,3.9,"[Element B, Element H, Element N]",3
mp-1204898,B5NO12,0.129299999999999,"[Element B, Element N, Element O]",3
mp-779174,B5SbO10,2.258899999999999,"[Element B, Element O, Element Sb]",3
mp-31064,B6H10N,5.6566,"[Element B, Element H, Element N]",3
mp-1197106,B6H7O6,2.1929,"[Element B, Element H, Element O]",3
mp-733481,B8H10N,0.4762,"[Element B, Element H, Element N]",3
mp-28052,B9H11C2,3.662,"[Element B, Element C, Element H]",3
mp-28668,B9H11N4,3.0084,"[Element B, Element H, Element N]",3
mp-27202,B9H8S,4.1691,"[Element B, Element H, Element S]",3
mp-11654,BAsO4,3.8757,"[Element As, Element B, Element O]",3
mp-3277,BAsO4,4.2615,"[Element As, Element B, Element O]",3
mp-1008523,BC2N,1.521599999999999,"[Element B, Element C, Element N]",3
mp-1078541,BC2N,2.4682999999999993,"[Element B, Element C, Element N]",3
mp-1079201,BC2N,0.7324,"[Element B, Element C, Element N]",3
mp-30148,BC2N,2.109899999999999,"[Element B, Element C, Element N]",3
mp-629458,BC2N,1.661900000000001,"[Element B, Element C, Element N]",3
mp-23398,BClF6,3.3471,"[Element B, Element Cl, Element F]",3
mp-29475,BH2N,5.3365,"[Element B, Element H, Element N]",3
mp-1228732,BH4N,5.732799999999999,"[Element B, Element H, Element N]",3
mp-27341,BH4N,5.9471,"[Element B, Element H, Element N]",3
mp-1105968,BH6N,6.0173,"[Element B, Element H, Element N]",3
mp-1106386,BH6N,5.9894,"[Element B, Element H, Element N]",3
mp-1188579,BH6N,6.1085,"[Element B, Element H, Element N]",3
mp-1198500,BH6N,5.785299999999999,"[Element B, Element H, Element N]",3
mp-1228633,BH6N,2.697199999999999,"[Element B, Element H, Element N]",3
mp-35082,BH6N,6.106400000000001,"[Element B, Element H, Element N]",3
mp-675418,BH6N,5.9152000000000005,"[Element B, Element H, Element N]",3
mp-27612,BH7N2,5.6370000000000005,"[Element B, Element H, Element N]",3
mp-1190290,BH8N,5.6111,"[Element B, Element H, Element N]",3
mp-1200679,BHN4,4.359,"[Element B, Element H, Element N]",3
mp-1198592,BHO2,6.2786,"[Element B, Element H, Element O]",3
mp-696403,BHO2,6.3043,"[Element B, Element H, Element O]",3
mp-721851,BHO2,7.223299999999999,"[Element B, Element H, Element O]",3
mp-1246423,BMoN3,1.0201,"[Element B, Element Mo, Element N]",3
mp-1106370,BN2Cl,0.483,"[Element B, Element Cl, Element N]",3
mp-27486,BN3Cl2,3.2565,"[Element B, Element Cl, Element N]",3
mp-23045,BNCl2,2.837099999999999,"[Element B, Element Cl, Element N]",3
mp-1247897,BNCl4,0.560099999999999,"[Element B, Element Cl, Element N]",3
mp-1182455,BNF4,2.723099999999999,"[Element B, Element F, Element N]",3
mp-1196191,BNF8,3.0579,"[Element B, Element F, Element N]",3
mp-4674,BNF8,2.9979,"[Element B, Element F, Element N]",3
mp-1201622,BPBr6,2.7247,"[Element B, Element Br, Element P]",3
mp-11653,BPO4,6.998399999999999,"[Element B, Element O, Element P]",3
mp-3589,BPO4,7.2565,"[Element B, Element O, Element P]",3
mp-27724,BPS4,2.276,"[Element B, Element P, Element S]",3
mp-27245,BSBr,3.683499999999999,"[Element B, Element Br, Element S]",3
mp-555279,BSBr,3.6178,"[Element B, Element Br, Element S]",3
mp-27349,BSF7,4.9968,"[Element B, Element F, Element S]",3
mp-1183211,BSbO3,1.4054,"[Element B, Element O, Element Sb]",3
mp-753806,BSbO3,3.762,"[Element B, Element O, Element Sb]",3
mp-755829,BSbO3,3.7211,"[Element B, Element O, Element Sb]",3
mp-1246918,BW4N9,0.9237000000000001,"[Element B, Element N, Element W]",3
mp-27286,Ba(Ag3O2)2,0.9577999999999991,"[Element Ag, Element Ba, Element O]",3
mp-1096838,Ba(AgO)2,1.7273,"[Element Ag, Element Ba, Element O]",3
mp-8579,Ba(AgS)2,0.8761000000000001,"[Element Ag, Element Ba, Element S]",3
mp-18501,Ba(AgTe)2,0.673299999999999,"[Element Ag, Element Ba, Element Te]",3
mp-30023,Ba(AlCl4)2,5.3891,"[Element Al, Element Ba, Element Cl]",3
mp-14246,Ba(AlS2)2,3.6551,"[Element Al, Element Ba, Element S]",3
mp-1228740,Ba(AlSe2)2,3.0544000000000002,"[Element Al, Element Ba, Element Se]",3
mp-28505,Ba(AlTe2)2,1.5444,"[Element Al, Element Ba, Element Te]",3
mp-38394,Ba(AlTe2)2,1.504699999999999,"[Element Al, Element Ba, Element Te]",3
mp-14501,Ba(As3Pt2)2,0.19010000000000002,"[Element As, Element Ba, Element Pt]",3
mp-1105233,Ba(AsO3)2,2.7763,"[Element As, Element Ba, Element O]",3
mp-28719,Ba(AuF4)2,2.4882,"[Element Au, Element Ba, Element F]",3
mp-558168,Ba(AuF6)2,1.515899999999999,"[Element Au, Element Ba, Element F]",3
mp-9297,Ba(AuO2)2,1.1785,"[Element Au, Element Ba, Element O]",3
mp-1203559,Ba(BH)12,5.8133,"[Element B, Element Ba, Element H]",3
mp-2647015,Ba(BH4)2,5.6574,"[Element B, Element Ba, Element H]",3
mp-1182856,Ba(BO2)2,2.0611,"[Element B, Element Ba, Element O]",3
mp-540659,Ba(BO2)2,4.5867,"[Element B, Element Ba, Element O]",3
mp-5730,Ba(BO2)2,4.7852,"[Element B, Element Ba, Element O]",3
mp-1204604,Ba(BO2)5,0.6024,"[Element B, Element Ba, Element O]",3
mp-728866,Ba(BO2)5,0.799299999999999,"[Element B, Element Ba, Element O]",3
mp-30126,Ba(BS2)2,2.7453000000000003,"[Element B, Element Ba, Element S]",3
mp-570823,Ba(BSe3)2,1.7096,"[Element B, Element Ba, Element Se]",3
mp-12927,Ba(BeN)2,1.178999999999999,"[Element Ba, Element Be, Element N]",3
mp-1228976,Ba(BiS2)2,1.2751000000000001,"[Element Ba, Element Bi, Element S]",3
mp-28057,Ba(BiS2)2,0.9620000000000001,"[Element Ba, Element Bi, Element S]",3
mp-1190125,Ba(BrF4)2,3.2254,"[Element Ba, Element Br, Element F]",3
mp-28514,Ba(BrO3)2,4.3458,"[Element Ba, Element Br, Element O]",3
mp-554626,Ba(BrO3)2,4.1953,"[Element Ba, Element Br, Element O]",3
mp-669448,Ba(C2N3)2,1.0087,"[Element Ba, Element C, Element N]",3
mp-1214983,Ba(C2O5)2,0.5037,"[Element Ba, Element C, Element O]",3
mp-1245468,Ba(C4N3)2,3.505099999999998,"[Element Ba, Element C, Element N]",3
mp-1246910,Ba(C4N3)2,3.2759,"[Element Ba, Element C, Element N]",3
mp-30237,Ba(CO)4,2.3399,"[Element Ba, Element C, Element O]",3
mp-1194021,Ba(CO2)2,3.2678000000000003,"[Element Ba, Element C, Element O]",3
mp-732336,Ba(CO2)2,1.9095,"[Element Ba, Element C, Element O]",3
mp-1214990,Ba(CO3)2,0.861499999999999,"[Element Ba, Element C, Element O]",3
mp-8281,Ba(CdAs)2,0.15759999999999902,"[Element As, Element Ba, Element Cd]",3
mp-8279,Ba(CdP)2,0.6835999999999991,"[Element Ba, Element Cd, Element P]",3
mp-28512,Ba(ClO3)2,5.2826,"[Element Ba, Element Cl, Element O]",3
mp-1190390,Ba(ClO4)2,5.4454,"[Element Ba, Element Cl, Element O]",3
mp-7374,Ba(CuO)2,1.386299999999999,"[Element Ba, Element Cu, Element O]",3
mp-4255,Ba(CuS)2,0.5011999999999991,"[Element Ba, Element Cu, Element S]",3
mp-5970,Ba(CuS)2,0.9028,"[Element Ba, Element Cu, Element S]",3
mp-10437,Ba(CuSe)2,0.3703,"[Element Ba, Element Cu, Element Se]",3
mp-4473,Ba(CuSe)2,0.4887,"[Element Ba, Element Cu, Element Se]",3
mp-30133,Ba(CuTe)2,0.600699999999999,"[Element Ba, Element Cu, Element Te]",3
mp-1193410,Ba(DyS2)2,1.7407,"[Element Ba, Element Dy, Element S]",3
mp-1193797,Ba(DySe2)2,1.3765,"[Element Ba, Element Dy, Element Se]",3
mp-17927,Ba(DyTe2)2,1.2938,"[Element Ba, Element Dy, Element Te]",3
mp-1192439,Ba(ErS2)2,1.721299999999999,"[Element Ba, Element Er, Element S]",3
mp-1192805,Ba(ErSe2)2,1.3665,"[Element Ba, Element Er, Element Se]",3
mp-17928,Ba(ErTe2)2,1.310799999999999,"[Element Ba, Element Er, Element Te]",3
mp-568396,Ba(FeBr4)2,0.9257000000000001,"[Element Ba, Element Br, Element Fe]",3
mp-19154,Ba(FeO2)2,1.7417999999999991,"[Element Ba, Element Fe, Element O]",3
mp-558611,Ba(FeO2)2,1.9016000000000002,"[Element Ba, Element Fe, Element O]",3
mp-1183302,Ba(GaAs)2,1.3062,"[Element As, Element Ba, Element Ga]",3
mp-1228877,Ba(GaO2)2,3.022,"[Element Ba, Element Ga, Element O]",3
mp-1229241,Ba(GaO2)2,2.0259,"[Element Ba, Element Ga, Element O]",3
mp-680226,Ba(GaO2)2,3.0272,"[Element Ba, Element Ga, Element O]",3
